vehicle_id,class,frame,timestamp_s,x_px,y_px,estimated_speed_mph
1,car,0,0.0,771.5662536621094,373.9841613769531,
2,car,0,0.0,381.42681884765625,307.9399108886719,
3,truck,0,0.0,271.8926696777344,326.29559326171875,
4,car,0,0.0,388.9629211425781,270.41094970703125,
1,car,1,0.04,766.1359252929688,370.7450866699219,
2,car,1,0.04,381.20208740234375,309.68133544921875,
3,truck,1,0.04,271.03430938720703,327.929931640625,
4,car,1,0.04,389.2235870361328,274.0885009765625,
1,car,2,0.08,760.6257629394531,366.80767822265625,
2,car,2,0.08,381.32012939453125,310.76104736328125,
3,truck,2,0.08,270.7453079223633,329.8250427246094,
4,car,2,0.08,388.3362579345703,276.4829406738281,
1,car,3,0.12,755.3069763183594,363.2176818847656,
2,car,3,0.12,380.94923400878906,313.3341979980469,
3,truck,3,0.12,271.2804412841797,331.53509521484375,
4,car,3,0.12,387.85899353027344,274.94024658203125,
8,bus,3,0.12,271.203857421875,331.44464111328125,
1,car,4,0.16,750.7008361816406,360.1189270019531,
2,car,4,0.16,380.6004943847656,315.9944152832031,
3,truck,4,0.16,270.2124328613281,333.35308837890625,
4,car,4,0.16,387.5410461425781,276.00213623046875,
1,car,5,0.2,745.8303527832031,356.8743591308594,
2,car,5,0.2,381.0023651123047,318.833251953125,
3,truck,5,0.2,268.48951721191406,334.98663330078125,
4,car,5,0.2,386.9857940673828,281.5205993652344,
1,car,6,0.24,741.889892578125,353.42559814453125,
2,car,6,0.24,378.74559020996094,321.20281982421875,
3,truck,6,0.24,266.86106872558594,336.9486999511719,
4,car,6,0.24,386.93995666503906,288.16986083984375,
9,car,6,0.24,380.58921813964844,321.28594970703125,
1,car,7,0.28,737.3368835449219,349.791259765625,
2,car,7,0.28,377.9891357421875,323.8111877441406,
3,truck,7,0.28,265.02125549316406,338.5252990722656,
4,car,7,0.28,386.8302764892578,295.97332763671875,
9,car,7,0.28,379.59605407714844,323.0580749511719,
1,car,8,0.32,732.8280029296875,347.24432373046875,
2,car,8,0.32,378.8763732910156,326.46051025390625,
3,truck,8,0.32,263.20045471191406,339.8361511230469,
9,car,8,0.32,380.1099548339844,326.2369384765625,
1,car,9,0.36,727.8594360351562,343.7254638671875,
2,car,9,0.36,378.7193145751953,329.50244140625,
3,truck,9,0.36,261.6429748535156,342.14892578125,
9,car,9,0.36,380.1378173828125,329.19073486328125,
1,car,10,0.4,723.8492431640625,340.5615234375,
2,car,10,0.4,379.44740295410156,332.3028259277344,
3,truck,10,0.4,260.6205139160156,343.54339599609375,
1,car,11,0.44,719.9671325683594,337.3399658203125,
2,car,11,0.44,378.7423400878906,334.7047424316406,
3,truck,11,0.44,259.3750991821289,344.5777893066406,
9,car,11,0.44,380.00372314453125,334.1782531738281,
1,car,12,0.48,716.7463073730469,335.1436767578125,
2,car,12,0.48,378.90045166015625,337.6163024902344,
3,truck,12,0.48,258.326904296875,346.57891845703125,
9,car,12,0.48,380.1058044433594,336.55908203125,
1,car,13,0.52,712.5975952148438,332.5292663574219,
2,car,13,0.52,378.44073486328125,340.3299865722656,
3,truck,13,0.52,257.6662139892578,349.311279296875,
4,car,13,0.52,385.8085479736328,301.285888671875,
1,car,14,0.56,708.4439392089844,329.40972900390625,
2,car,14,0.56,378.2760925292969,343.7286376953125,
3,truck,14,0.56,255.920654296875,351.4623718261719,
4,car,14,0.56,386.0058135986328,304.2068176269531,
1,car,15,0.6,704.6744995117188,326.5011291503906,
2,car,15,0.6,377.7072296142578,346.7774353027344,
3,truck,15,0.6,254.8654556274414,354.30035400390625,
4,car,15,0.6,386.5550842285156,304.8091125488281,
1,car,16,0.64,701.2546997070312,324.06732177734375,
2,car,16,0.64,377.31834411621094,349.8724060058594,
3,truck,16,0.64,253.48451232910156,356.9871826171875,
4,car,16,0.64,386.6777801513672,303.0596923828125,
1,car,17,0.68,697.8836669921875,322.0581970214844,
2,car,17,0.68,376.6865539550781,353.1925964355469,
3,bus,17,0.68,252.2549819946289,359.224853515625,
4,car,17,0.68,386.40516662597656,302.0521240234375,
17,truck,17,0.68,252.61817932128906,358.7781066894531,
1,car,18,0.72,694.1107177734375,319.8248291015625,
2,car,18,0.72,376.4111022949219,356.5904235839844,
3,truck,18,0.72,251.31250762939453,361.4043884277344,
17,bus,18,0.72,251.72801208496094,360.9129333496094,
1,car,19,0.76,691.126953125,317.3915100097656,
2,car,19,0.76,375.6376647949219,359.9248046875,
3,truck,19,0.76,250.2373275756836,362.85791015625,
17,bus,19,0.76,250.47247314453125,362.98651123046875,
1,car,20,0.8,688.0076293945312,314.5004577636719,
2,car,20,0.8,375.4502716064453,362.9546203613281,
9,car,20,0.8,385.5101013183594,332.8434753417969,
1,car,21,0.84,684.5675964355469,312.51025390625,
2,car,21,0.84,374.62879943847656,367.205810546875,
9,car,21,0.84,385.8694610595703,335.9459533691406,
3,truck,21,0.84,247.0339813232422,368.13372802734375,
1,car,22,0.88,680.8560791015625,311.16741943359375,
2,car,22,0.88,373.9407958984375,370.4836730957031,
9,car,22,0.88,385.5684356689453,337.2038879394531,
3,truck,22,0.88,245.2546844482422,369.9987487792969,
1,car,23,0.92,678.1348266601562,308.8271484375,
2,car,23,0.92,373.8421325683594,374.551513671875,
9,car,23,0.92,386.2375183105469,342.2457580566406,
3,truck,23,0.92,244.14886474609375,372.6023864746094,
1,car,24,0.96,675.8813171386719,306.95770263671875,
2,car,24,0.96,372.85194396972656,379.6264953613281,
9,car,24,0.96,385.9378204345703,346.2197265625,
3,truck,24,0.96,242.63605499267578,376.7590026855469,
1,car,25,1.0,672.2579650878906,304.69476318359375,81.27077314542375
2,car,25,1.0,372.0111083984375,383.3260803222656,81.31610700404833
9,car,25,1.0,385.6522521972656,349.5671081542969,
3,truck,25,1.0,240.73119354248047,380.43505859375,53.238549870594646
1,car,26,1.04,669.0453186035156,302.2735900878906,81.85854027524309
2,car,26,1.04,371.7012023925781,387.0838623046875,81.43538294572399
9,car,26,1.04,384.1254119873047,353.52764892578125,
3,truck,26,1.04,238.89958953857422,382.6742858886719,53.09788958040512
1,car,27,1.08,665.9054870605469,300.3487854003906,82.16652432341903
2,car,27,1.08,371.0363006591797,392.1243896484375,81.55465888739964
9,car,27,1.08,383.40650939941406,357.1697998046875,
3,truck,27,1.08,237.16261291503906,385.6944885253906,52.95722929021561
1,car,28,1.12,663.9700012207031,298.90142822265625,81.76023330933415
2,car,28,1.12,370.34814453125,397.322021484375,82.58091112433695
9,car,28,1.12,382.6864013671875,361.7843322753906,
3,truck,28,1.12,235.5471954345703,387.8475036621094,52.95639049921233
1,car,29,1.16,660.921875,296.7193908691406,82.16652432341903
2,car,29,1.16,369.5282745361328,402.6460266113281,83.47861354996957
9,car,29,1.16,382.1806945800781,365.41778564453125,
3,truck,29,1.16,234.1475372314453,391.038330078125,52.955551708209065
1,car,30,1.2,658.5602111816406,294.9653015136719,82.2365812338436
2,car,30,1.2,368.20945739746094,407.469970703125,83.47861354996957
9,car,30,1.2,381.6347961425781,368.2928771972656,
3,truck,30,1.2,233.00745391845703,392.3266296386719,52.72411765796047
1,car,31,1.24,656.2457885742188,293.03076171875,82.2365812338436
2,car,31,1.24,367.4961700439453,411.6827087402344,83.47861354996957
9,car,31,1.24,381.69580078125,374.2274475097656,55.182346845926126
3,truck,31,1.24,231.7275848388672,394.8208923339844,52.53479838001283
1,car,32,1.28,653.6755676269531,291.82867431640625,82.2365812338436
2,car,32,1.28,366.5940856933594,416.6937255859375,82.76526968615927
9,car,32,1.28,380.9835510253906,378.54095458984375,55.772056224610864
3,truck,32,1.28,229.60944366455078,397.4927673339844,51.75709290126583
23,bus,32,1.28,229.80347442626953,398.72662353515625,
1,car,33,1.32,650.8331604003906,289.9174499511719,82.2365812338436
2,car,33,1.32,365.22425842285156,421.5494689941406,82.25518183104893
9,car,33,1.32,380.0515441894531,381.9022216796875,55.182346845926126
3,truck,33,1.32,227.28919982910156,403.87774658203125,51.75709290126583
23,bus,33,1.32,228.04419708251953,403.8414611816406,
1,car,34,1.36,648.4925842285156,288.6488342285156,81.73806331789373
2,car,34,1.36,363.87506103515625,428.9137878417969,81.94966748430986
9,car,34,1.36,379.5808563232422,387.3484191894531,55.3254007412048
3,truck,34,1.36,224.85016632080078,407.1291809082031,51.75709290126583
23,bus,34,1.36,224.72991180419922,407.4352111816406,
1,car,35,1.4,646.1822814941406,287.37066650390625,80.80760363734024
2,car,35,1.4,362.5588684082031,434.455078125,81.94064400863931
9,car,35,1.4,379.0777587890625,393.5953369140625,55.46845463648348
3,truck,35,1.4,222.6813507080078,410.3827819824219,53.80116057782454
1,car,36,1.44,643.5653381347656,285.30975341796875,80.35870224526496
2,car,36,1.44,361.3868408203125,439.6645812988281,81.64089937382128
9,car,36,1.44,378.6322479248047,398.4759216308594,56.36176560329561
3,truck,36,1.44,220.12825775146484,413.4926452636719,54.19702342237788
25,car,36,1.44,939.4400329589844,529.59619140625,
1,car,37,1.48,641.0780029296875,283.5186767578125,80.35870224526496
2,car,37,1.48,360.2682647705078,447.94842529296875,81.64089937382128
9,car,37,1.48,378.151123046875,401.13311767578125,56.57705322123143
3,truck,37,1.48,219.23892974853516,416.9924621582031,54.37703905757196
25,car,37,1.48,934.2654113769531,520.9779663085938,
1,car,38,1.52,638.5799560546875,282.0223388671875,80.35870224526496
2,car,38,1.52,358.2259979248047,455.38983154296875,81.94966748430986
9,truck,38,1.52,376.5404968261719,406.0706481933594,57.50268319017351
3,truck,38,1.52,215.86783599853516,420.7928771972656,54.730348219863096
25,car,38,1.52,928.1199340820312,511.5415344238281,
1,car,39,1.56,636.84619140625,280.6721496582031,79.75504672063883
2,car,39,1.56,356.2563934326172,461.2603759765625,82.111827549738
9,car,39,1.56,375.6651611328125,408.8669738769531,57.50268319017351
3,truck,39,1.56,213.03229522705078,425.5179748535156,55.21184761671875
25,car,39,1.56,922.5901794433594,502.2942199707031,
1,car,40,1.6,634.905029296875,279.0002136230469,79.75504672063883
2,car,40,1.6,354.29966735839844,469.0152893066406,82.37107064170905
9,car,40,1.6,375.61309814453125,413.17962646484375,57.47994556720003
3,truck,40,1.6,211.42350006103516,428.7742919921875,55.21184761671875
25,car,40,1.6,917.4602661132812,493.5263366699219,
1,car,41,1.64,632.9536743164062,277.0516357421875,80.75195239224695
2,car,41,1.64,352.5466003417969,477.4280700683594,82.47326850270505
9,car,41,1.64,374.79884338378906,418.98388671875,57.47994556720003
3,truck,41,1.64,209.64250946044922,433.122802734375,54.730348219863096
25,car,41,1.64,912.2357482910156,485.3104248046875,
1,car,42,1.68,630.9993896484375,276.0638427734375,80.34543968161299
2,car,42,1.68,350.9191436767578,484.2715759277344,82.37107064170905
9,car,42,1.68,374.3242645263672,423.67474365234375,57.5538576915113
3,truck,42,1.68,206.26988983154297,436.7852478027344,54.36155657827807
25,car,42,1.68,906.93408203125,478.3792724609375,
1,car,43,1.72,628.7344055175781,275.3255615234375,79.75504672063883
2,car,43,1.72,348.45033264160156,492.6658020019531,82.292916516785
9,car,43,1.72,373.2053985595703,429.4491271972656,58.54270655490532
3,truck,43,1.72,202.62789154052734,440.4986267089844,54.179246467316304
25,car,43,1.72,898.3246459960938,471.3833923339844,
1,car,44,1.76,626.6143798828125,273.4052429199219,80.01334157062469
2,car,44,1.76,345.673828125,503.83135986328125,82.37107064170905
9,car,44,1.76,372.6272735595703,436.2535095214844,58.88716936475508
3,truck,44,1.76,199.61600494384766,445.0197448730469,54.179246467316304
25,car,44,1.76,888.6048278808594,463.5709533691406,
1,car,45,1.8,624.9584045410156,271.95123291015625,80.01334157062469
2,car,45,1.8,342.96697998046875,513.5975341796875,82.79373300163843
9,car,45,1.8,370.8664093017578,444.5297546386719,59.631003473509296
3,truck,45,1.8,197.0472640991211,449.9979248046875,54.179246467316304
25,car,45,1.8,879.1836547851562,457.7804870605469,
1,car,46,1.84,623.0394592285156,270.6434326171875,79.53681363003251
2,car,46,1.84,339.58624267578125,524.5382690429688,83.3113579247926
9,car,46,1.84,369.5526428222656,449.9626770019531,60.66341288964256
3,truck,46,1.84,196.3556671142578,455.4161376953125,54.96854057075576
25,car,46,1.84,869.6324462890625,451.2411193847656,
1,car,47,1.88,620.5213928222656,269.0323486328125,79.53681363003251
2,car,47,1.88,337.09666442871094,533.9777221679688,83.85914532659736
9,car,47,1.88,368.60020446777344,457.84454345703125,85.41452031110185
3,truck,47,1.88,193.01097106933594,459.135498046875,55.20903348815299
25,car,47,1.88,860.923828125,444.6969299316406,
1,car,48,1.92,618.6256103515625,268.1683654785156,80.01334157062469
2,car,48,1.92,334.2797393798828,539.9107055664062,
9,car,48,1.92,368.29881286621094,463.6983642578125,85.41452031110185
3,truck,48,1.92,189.33335876464844,463.58587646484375,55.34879734436316
25,car,48,1.92,852.2561645507812,438.2851867675781,
1,car,49,1.96,616.5764465332031,266.8822021484375,80.06588236783155
2,car,49,1.96,331.34910583496094,540.0,
9,car,49,1.96,367.75079345703125,471.20147705078125,85.41452031110185
3,truck,49,1.96,186.44805526733398,468.302001953125,55.34879734436316
25,car,49,1.96,844.2794189453125,432.2137756347656,
1,car,50,2.0,614.2270812988281,266.0656433105469,80.06588236783155
2,car,50,2.0,327.3865051269531,540.0,
9,car,50,2.0,366.69642639160156,479.80035400390625,84.86614336363932
3,truck,50,2.0,184.2857437133789,472.1978759765625,55.34879734436316
25,car,50,2.0,835.8690185546875,426.20074462890625,
1,car,51,2.04,612.4325561523438,264.880615234375,80.06588236783155
2,car,51,2.04,323.9046173095703,540.0,
9,car,51,2.04,365.9316101074219,488.49102783203125,84.14001938574224
3,truck,51,2.04,180.7625617980957,479.0320129394531,54.04878823865201
25,car,51,2.04,828.2710876464844,421.19073486328125,
1,car,52,2.08,610.8357543945312,263.8056335449219,78.8550155439351
2,car,52,2.08,320.46827697753906,540.0,
9,truck,52,2.08,363.90394592285156,498.297119140625,83.95646161526135
3,truck,52,2.08,178.29307556152344,483.51190185546875,53.94217257239822
25,car,52,2.08,821.490966796875,415.7494812011719,
1,car,53,2.12,609.0804443359375,262.8836975097656,77.97459566425036
2,car,53,2.12,318.9025573730469,540.0,
9,truck,53,2.12,362.54345703125,507.65948486328125,83.91118493415324
3,truck,53,2.12,173.49248123168945,487.2962951660156,53.46798277014302
25,car,53,2.12,814.3475036621094,411.1472473144531,
27,car,53,2.12,362.74444580078125,507.3277282714844,
1,car,54,2.16,607.8184509277344,261.08843994140625,77.97459566425036
9,car,54,2.16,360.9572296142578,518.19482421875,83.67706405040951
3,truck,54,2.16,170.01940536499023,492.5316162109375,53.36606436006395
25,car,54,2.16,807.4794006347656,406.5485534667969,
1,car,55,2.2,606.526611328125,259.91900634765625,77.97459566425036
9,car,55,2.2,359.9172058105469,529.251708984375,83.67706405040951
3,truck,55,2.2,168.46171951293945,500.4584655761719,53.46798277014302
25,car,55,2.2,800.9684753417969,401.6458435058594,
1,car,56,2.24,604.4605102539062,258.8575744628906,78.3590248310236
9,car,56,2.24,358.66986083984375,537.5400390625,83.37907472332635
3,truck,56,2.24,164.86945724487305,508.1556701660156,53.46798277014302
25,car,56,2.24,794.4746704101562,396.94622802734375,
1,car,57,2.28,603.0868225097656,257.6025695800781,78.74047040337838
9,car,57,2.28,356.66285705566406,540.0,
3,truck,57,2.28,159.1804313659668,513.824462890625,55.09161705250421
25,car,57,2.28,788.5332641601562,392.8717956542969,
1,car,58,2.32,600.8175964355469,256.9501037597656,78.74047040337838
9,car,58,2.32,355.38145446777344,540.0,
3,truck,58,2.32,157.35470581054688,520.5098876953125,55.09161705250421
25,car,58,2.32,782.5368347167969,388.3321533203125,
30,truck,58,2.32,355.38401794433594,539.9852294921875,
1,car,59,2.36,599.5795593261719,255.48464965820312,78.8942701158016
3,truck,59,2.36,153.27715301513672,527.6520385742188,55.09161705250421
25,car,59,2.36,776.8870849609375,384.55859375,
30,car,59,2.36,353.7898864746094,534.96728515625,
32,car,59,2.36,377.38771057128906,196.80984497070312,
1,car,60,2.4,597.9280700683594,254.45553588867188,79.78899477844725
3,truck,60,2.4,149.3375129699707,534.6632690429688,54.47482225660113
25,car,60,2.4,771.2518005371094,380.99261474609375,
32,car,60,2.4,376.9867706298828,197.08865356445312,
9,car,60,2.4,351.81932067871094,540.0,
1,car,61,2.44,596.2990112304688,253.4120635986328,79.78899477844725
3,truck,61,2.44,144.79142379760742,537.625,54.34788025325542
25,car,61,2.44,766.5403137207031,376.74444580078125,79.77773896615936
32,car,61,2.44,376.6582946777344,197.09957885742188,
9,car,61,2.44,353.50181579589844,540.0,
1,car,62,2.48,594.8800354003906,252.54656982421875,79.72749042238001
3,truck,62,2.48,138.43429374694824,538.7040405273438,54.148231723360276
25,car,62,2.48,760.93115234375,373.2105712890625,79.82919013561424
32,car,62,2.48,376.76983642578125,197.3951873779297,
9,car,62,2.48,351.4146728515625,540.0,
1,car,63,2.52,593.3697204589844,251.27084350585938,79.72749042238001
3,truck,63,2.52,135.68145561218262,539.3067626953125,
25,car,63,2.52,755.2707214355469,369.9293212890625,79.77773896615936
32,car,63,2.52,376.3322448730469,197.87362670898438,
1,car,64,2.56,591.999267578125,250.4764404296875,79.72427343409994
3,truck,64,2.56,130.54115676879883,538.9129028320312,
25,car,64,2.56,751.0617370605469,366.2342529296875,79.6006342610606
32,car,64,2.56,376.3118438720703,198.4597625732422,
1,car,65,2.6,590.2098083496094,249.5615997314453,79.41116602997273
3,truck,65,2.6,126.31033325195312,539.4735107421875,
25,car,65,2.6,745.8692321777344,362.8664855957031,79.42352955596184
32,car,65,2.6,376.30963134765625,199.36155700683594,
1,car,66,2.64,588.7622985839844,248.79539489746094,78.76804257672025
3,truck,66,2.64,112.07793045043945,538.36279296875,
25,car,66,2.64,741.6070556640625,359.8616638183594,79.33862658750795
32,car,66,2.64,376.08079528808594,200.24574279785156,
1,car,67,2.68,587.5036926269531,247.79405212402344,78.75881637255144
3,truck,67,2.68,111.74270248413086,538.6693115234375,
25,car,67,2.68,737.5792846679688,356.5006103515625,79.0572049064585
32,car,67,2.68,375.7685546875,201.11280822753906,
1,car,68,2.72,586.164794921875,246.80810546875,78.75881637255144
3,truck,68,2.72,109.33064270019531,539.075927734375,
25,car,68,2.72,733.6429748535156,352.90374755859375,79.0572049064585
32,car,68,2.72,375.2996063232422,201.66017150878906,
1,car,69,2.76,584.7826843261719,245.51622009277344,78.75881637255144
3,truck,69,2.76,103.97216701507568,538.61865234375,
25,car,69,2.76,728.4793090820312,349.6781005859375,79.0572049064585
32,car,69,2.76,374.814208984375,201.62689208984375,
1,car,70,2.8,583.7273559570312,244.73008728027344,79.1943718934033
3,truck,70,2.8,99.70397663116455,538.0458374023438,
25,car,70,2.8,724.7599792480469,346.6630554199219,79.24326926158481
32,car,70,2.8,374.3308410644531,201.2253875732422,
1,car,71,2.84,582.6361083984375,244.15390014648438,79.1943718934033
3,truck,71,2.84,96.4375810623169,537.86328125,
25,car,71,2.84,720.5256652832031,344.2426452636719,79.24326926158481
32,car,71,2.84,374.00103759765625,201.40988159179688,
1,car,72,2.88,581.2548217773438,243.1276092529297,79.1943718934033
3,truck,72,2.88,93.14083576202393,538.2740478515625,
25,car,72,2.88,717.0418395996094,340.6266174316406,79.48623584035813
32,car,72,2.88,373.6902160644531,202.4752655029297,
1,car,73,2.92,580.3332214355469,242.02320861816406,79.1943718934033
3,truck,73,2.92,90.41659212112427,538.7098999023438,
25,car,73,2.92,713.5826721191406,338.3152770996094,79.24326926158481
32,car,73,2.92,373.31431579589844,202.90304565429688,
1,car,74,2.96,578.9580383300781,241.03341674804688,79.1943718934033
3,truck,74,2.96,88.52993202209473,536.9995727539062,
25,car,74,2.96,709.6143493652344,336.1484680175781,79.10020392385725
32,car,74,2.96,372.6671905517578,203.24957275390625,
1,car,75,3.0,577.4147644042969,240.3077392578125,79.80248733761105
3,truck,75,3.0,87.28258180618286,536.1585693359375,
25,car,75,3.0,705.5490417480469,333.89166259765625,79.02634440600286
32,car,75,3.0,372.1861877441406,203.61349487304688,
1,car,76,3.04,576.2095336914062,239.85398864746094,79.80248733761105
3,truck,76,3.04,85.53776454925537,535.4038696289062,
25,car,76,3.04,702.3466796875,330.4004211425781,78.71462336961947
32,car,76,3.04,371.602294921875,203.83050537109375,
1,car,77,3.08,574.49609375,238.96482849121094,80.12287105254181
3,truck,77,3.08,83.342538356781,534.8062744140625,
25,car,77,3.08,698.8334655761719,328.30926513671875,78.18703145837878
32,car,77,3.08,371.0923614501953,204.03125,
1,car,78,3.12,573.2791137695312,238.2769775390625,80.25442352508892
3,truck,78,3.12,80.61791801452637,535.4215087890625,
25,car,78,3.12,695.1584167480469,325.3677978515625,78.18703145837878
32,car,78,3.12,370.8409881591797,204.58616638183594,
1,car,79,3.16,572.4835815429688,236.5863037109375,80.35098762050514
3,truck,79,3.16,77.81304407119751,535.1942138671875,
25,car,79,3.16,691.6740112304688,323.4767150878906,78.28598084655779
32,car,79,3.16,370.9048309326172,204.80551147460938,
1,car,80,3.2,571.0284423828125,235.90780639648438,80.35098762050514
3,truck,80,3.2,75.17526531219482,534.960205078125,
25,car,80,3.2,688.8406677246094,321.1824645996094,78.28598084655779
32,car,80,3.2,370.0831604003906,205.6376190185547,
1,car,81,3.24,570.0950622558594,235.4409637451172,80.64229333451749
3,truck,81,3.24,72.85989332199097,534.4368896484375,
25,car,81,3.24,686.3854064941406,318.4474182128906,78.28598084655779
32,car,81,3.24,369.6708984375,206.12271118164062,
1,car,82,3.28,569.0078430175781,234.38778686523438,81.43515023332715
3,truck,82,3.28,70.02273464202881,536.7412719726562,
25,car,82,3.28,682.9674072265625,315.8683776855469,78.51706946010222
32,car,82,3.28,369.4885559082031,206.50619506835938,
1,car,83,3.32,568.1595153808594,233.50479125976562,81.7240387875362
25,car,83,3.32,679.3965454101562,313.7766418457031,78.51706946010222
32,car,83,3.32,369.2872314453125,206.6894073486328,
1,car,84,3.36,567.4745483398438,233.00303649902344,81.43515023332715
25,car,84,3.36,676.5907287597656,312.1646728515625,78.51706946010222
32,car,84,3.36,369.1893615722656,207.223876953125,
1,car,85,3.4,566.7169189453125,232.61732482910156,81.13340374854295
25,car,85,3.4,674.2426147460938,310.8807678222656,78.51706946010222
32,car,85,3.4,368.7841796875,207.3805389404297,
3,truck,85,3.4,61.00526022911072,537.9030151367188,
1,car,86,3.44,565.3729553222656,232.18698120117188,81.13340374854295
25,car,86,3.44,671.4393920898438,308.7707824707031,78.28532779073447
32,car,86,3.44,368.3514099121094,207.39913940429688,
3,truck,86,3.44,57.05551993846893,538.3226928710938,
1,car,87,3.48,564.0885009765625,231.3569793701172,79.68573813055394
25,car,87,3.48,668.4350891113281,307.232177734375,77.37034345677155
32,car,87,3.48,368.2903289794922,207.9508056640625,
3,car,87,3.48,53.302657067775726,539.3069458007812,
1,car,88,3.52,563.0454711914062,230.59866333007812,79.29205807849725
25,car,88,3.52,665.8670654296875,304.6144714355469,77.37034345677155
32,car,88,3.52,368.4086608886719,208.64382934570312,84.07250509630651
3,truck,88,3.52,49.101819574832916,538.2152099609375,
1,car,89,3.56,562.1543273925781,229.9966278076172,78.82261475583833
25,car,89,3.56,663.7511901855469,302.0294189453125,77.37034345677155
32,car,89,3.56,368.38499450683594,208.96182250976562,82.58483393294856
3,car,89,3.56,45.002121925354004,538.73046875,
1,car,90,3.6,561.1365051269531,229.2466278076172,78.82261475583833
25,car,90,3.6,660.7181091308594,300.4288635253906,77.85153389667316
32,car,90,3.6,368.2265167236328,209.3870391845703,81.09716276959058
3,car,90,3.6,40.65937560796738,539.034912109375,
1,car,91,3.64,560.3982238769531,227.9306182861328,79.29205807849725
25,car,91,3.64,658.3265380859375,298.3507385253906,78.38675538407622
32,car,91,3.64,367.9947814941406,209.5939483642578,78.66242264927567
3,car,91,3.64,36.350640654563904,538.5763549804688,
1,car,92,3.68,559.5062561035156,227.61752319335938,79.31093647297934
25,car,92,3.68,655.9484558105469,296.48406982421875,78.80827220185776
32,car,92,3.68,367.6939392089844,209.76934814453125,76.22768252896076
3,car,92,3.68,31.703156650066376,538.5975952148438,
1,car,93,3.72,558.2873840332031,226.59205627441406,81.13729884509956
25,car,93,3.72,654.0678405761719,294.27642822265625,79.1192025874104
32,car,93,3.72,367.4278869628906,209.8520965576172,70.18609261526163
3,car,93,3.72,27.133546471595764,538.7476806640625,
1,car,94,3.76,557.48779296875,225.80349731445312,82.12745883269655
25,car,94,3.76,651.6657104492188,292.8682556152344,79.1192025874104
32,car,94,3.76,367.28785705566406,210.09324645996094,64.22856231934854
3,car,94,3.76,21.607939958572388,538.3099365234375,
1,car,95,3.8,556.6123657226562,225.2058563232422,82.3211695447834
25,car,95,3.8,649.4857788085938,291.4457702636719,79.1192025874104
32,car,95,3.8,367.12701416015625,210.4179229736328,64.22856231934854
1,car,96,3.84,555.6768798828125,224.54481506347656,82.3211695447834
25,car,96,3.84,646.9070739746094,289.6366271972656,79.03634859153141
32,car,96,3.84,367.09986877441406,210.4282989501953,64.22856231934854
1,car,97,3.88,554.70068359375,224.32302856445312,82.3211695447834
25,car,97,3.88,644.305908203125,288.503662109375,78.76708399923983
32,car,97,3.88,367.04136657714844,211.0948486328125,62.138266665829356
1,car,98,3.92,553.9089050292969,223.45701599121094,82.12745883269655
25,car,98,3.92,641.8160705566406,287.0033264160156,78.21935794156666
32,car,98,3.92,366.7538146972656,211.626708984375,62.138266665829356
1,car,99,3.96,552.8744812011719,222.8720703125,81.35214803164378
25,car,99,3.96,639.0378112792969,285.7659912109375,77.45582912355252
32,car,99,3.96,366.7814636230469,212.39137268066406,63.88046810164447
1,car,100,4.0,551.9666137695312,222.46435546875,80.97126960433914
25,car,100,4.0,637.3983154296875,284.1026916503906,77.45582912355252
32,car,100,4.0,366.6247863769531,213.1518096923828,63.88046810164447
1,car,101,4.04,550.9273071289062,221.92767333984375,80.97126960433914
25,car,101,4.04,635.7923583984375,282.69427490234375,77.3792690787123
32,car,101,4.04,366.45294189453125,213.99278259277344,63.88046810164447
1,car,102,4.08,550.5504150390625,221.2392120361328,81.1779960881997
25,car,102,4.08,633.8051147460938,280.94830322265625,77.45582912355252
32,car,102,4.08,366.1280822753906,214.62191772460938,65.75163801307464
1,car,103,4.12,549.6466369628906,220.85069274902344,80.88920867079878
25,car,103,4.12,632.0293884277344,279.541748046875,77.3792690787123
32,car,103,4.12,365.87269592285156,214.95338439941406,69.15818106470078
1,car,104,4.16,548.43701171875,220.47657775878906,80.88920867079878
25,car,104,4.16,630.0834655761719,277.7205810546875,77.78950183055615
32,car,104,4.16,365.45664978027344,215.2750244140625,69.16941549086505
1,car,105,4.2,547.4439392089844,220.21792602539062,80.88920867079878
25,car,105,4.2,627.8279724121094,276.5958251953125,77.78950183055615
32,car,105,4.2,365.260986328125,215.58340454101562,69.16941549086505
1,car,106,4.24,546.5595092773438,219.4338836669922,77.0986189212839
25,car,106,4.24,625.4913940429688,275.4803771972656,77.78950183055615
32,car,106,4.24,365.2788848876953,215.78427124023438,69.16941549086505
1,car,107,4.28,545.9643249511719,219.0157012939453,76.01356801321602
25,car,107,4.28,623.6388854980469,273.8920593261719,77.02638640785447
32,car,107,4.28,365.0410614013672,216.07330322265625,65.09925180198422
1,car,108,4.32,545.240966796875,218.72283935546875,75.01692696608754
25,car,108,4.32,621.9620971679688,272.82330322265625,76.69053697183492
32,car,108,4.32,364.6655578613281,216.46353149414062,62.718181818378945
1,car,109,4.36,544.8843078613281,218.08267211914062,74.63739369186897
25,car,109,4.36,620.223876953125,271.6651306152344,76.67462780174048
32,car,109,4.36,364.33399963378906,216.6320343017578,62.59567938530771
1,car,110,4.4,544.288818359375,217.3712158203125,75.01692696608754
25,car,110,4.4,618.4008178710938,270.25445556640625,76.67462780174048
32,car,110,4.4,363.9271697998047,217.2782440185547,62.36150955989307
1,car,111,4.44,543.8204650878906,216.97982788085938,75.01692696608754
25,car,111,4.44,616.3951721191406,269.2540283203125,76.69053697183492
32,car,111,4.44,363.8082580566406,217.9574432373047,62.36150955989307
1,car,112,4.48,542.6722106933594,216.6090850830078,75.84062576250571
25,car,112,4.48,614.4713745117188,267.8953857421875,77.26246874189395
32,car,112,4.48,362.6613311767578,218.78016662597656,62.59567938530771
1,car,113,4.52,541.6178283691406,216.0436248779297,75.84062576250571
25,car,113,4.52,613.4337158203125,266.4919128417969,77.6897912434003
32,car,113,4.52,362.57435607910156,218.6898956298828,62.36150955989307
1,car,114,4.56,540.6011962890625,215.25048828125,76.90542168957671
25,car,114,4.56,611.6437683105469,265.47271728515625,77.6897912434003
32,car,114,4.56,361.9788513183594,219.35028076171875,63.039451252488675
1,car,115,4.6,540.0568237304688,214.6885528564453,77.37045607524816
25,car,115,4.6,610.3976440429688,264.3724365234375,77.26246874189395
32,car,115,4.6,361.1464385986328,220.0974578857422,64.23192877095408
1,car,116,4.64,539.6360168457031,214.2283935546875,75.84062576250571
25,car,116,4.64,608.2854309082031,263.5272521972656,76.28541851208395
32,car,116,4.64,360.79286193847656,220.56219482421875,64.23192877095408
1,car,117,4.68,539.4684448242188,213.37074279785156,77.86459789154378
25,car,117,4.68,606.7173156738281,262.28607177734375,76.05464411853089
32,car,117,4.68,360.4588928222656,221.10787963867188,64.23192877095408
1,car,118,4.72,538.7901306152344,212.67315673828125,77.8843799449084
25,car,118,4.72,605.6125183105469,261.0265197753906,75.02642468983301
32,car,118,4.72,360.3565368652344,221.80406188964844,65.31226441281089
1,car,119,4.76,538.029052734375,212.08395385742188,78.03431471984699
25,car,119,4.76,604.8189086914062,260.0425720214844,74.93865537283287
32,car,119,4.76,360.3206481933594,223.20347595214844,66.9963980711384
1,car,120,4.8,536.9951477050781,211.9463348388672,78.03431471984699
25,car,120,4.8,602.7742309570312,259.0625915527344,74.85078785464823
32,car,120,4.8,359.9554901123047,224.11463928222656,70.02223490410749
1,car,121,4.84,536.3093872070312,211.46238708496094,78.03431471984699
25,car,121,4.84,600.9506225585938,257.9034423828125,74.7527208402958
32,car,121,4.84,359.79185485839844,224.97967529296875,75.49690063871599
1,car,122,4.88,535.3768615722656,210.81094360351562,78.03431471984699
25,car,122,4.88,599.0442199707031,257.0495910644531,74.7527208402958
32,car,122,4.88,359.51402282714844,225.81594848632812,77.88834349328697
1,car,123,4.92,534.7394409179688,210.3603515625,77.5885656907348
25,car,123,4.92,597.1130065917969,255.99623107910156,74.85078785464823
32,car,123,4.92,359.01844787597656,226.34275817871094,80.8375663719931
1,car,124,4.96,534.0768127441406,209.6417999267578,77.5885656907348
25,car,124,4.96,595.9675598144531,255.02708435058594,75.0576103826089
32,car,124,4.96,358.4996337890625,226.7521209716797,80.8375663719931
1,car,125,5.0,533.7537536621094,209.41673278808594,78.95929269529474
25,car,125,5.0,595.2327880859375,254.0520782470703,75.23018067398391
32,car,125,5.0,357.8184509277344,227.2592010498047,80.8375663719931
1,car,126,5.04,533.1996765136719,209.1364288330078,78.95929269529474
25,car,126,5.04,593.7173767089844,252.74136352539062,75.32580331884968
32,car,126,5.04,357.7472686767578,227.54644775390625,77.98419939836333
1,car,127,5.08,532.738525390625,208.58782958984375,78.21734406545583
25,car,127,5.08,592.4341735839844,251.9689178466797,75.32580331884968
32,car,127,5.08,357.66929626464844,228.03004455566406,75.66536606042465
1,car,128,5.12,532.2991333007812,208.42013549804688,78.21734406545583
25,car,128,5.12,590.7220458984375,251.0438690185547,75.32580331884968
32,car,128,5.12,357.4001770019531,228.43072509765625,71.86826203253297
1,car,129,5.16,531.4226989746094,208.61988830566406,78.0701727679172
25,car,129,5.16,589.228515625,250.07200622558594,75.22970804564132
32,car,129,5.16,357.1852111816406,228.67466735839844,70.29164374336322
1,car,130,5.2,530.7643737792969,208.5510711669922,77.30413937856297
25,car,130,5.2,588.419189453125,249.00338745117188,75.22970804564132
32,car,130,5.2,356.5832824707031,228.91534423828125,70.13972460288127
1,car,131,5.24,530.3875122070312,207.33160400390625,77.30413937856297
25,car,131,5.24,586.8435668945312,247.63714599609375,75.22970804564132
32,car,131,5.24,356.7758483886719,229.58444213867188,70.13972460288127
1,car,132,5.28,529.6838989257812,207.1337432861328,76.39373966676732
25,car,132,5.28,585.1756286621094,247.08120727539062,75.33178063591538
32,car,132,5.28,356.2251281738281,229.77369689941406,69.60058684015821
36,car,132,5.28,401.4945983886719,182.82504272460938,
1,car,133,5.32,529.4170837402344,206.6980743408203,76.39373966676732
25,car,133,5.32,584.4146118164062,245.8157958984375,75.60773173497554
32,car,133,5.32,355.8363952636719,229.99185180664062,69.32563279780122
36,car,133,5.32,401.4717712402344,182.9895477294922,
1,car,134,5.36,529.11328125,206.34120178222656,76.9614938180929
25,car,134,5.36,583.6026306152344,244.9239501953125,77.42502360480205
32,car,134,5.36,355.58782958984375,230.8380584716797,69.60058684015821
36,car,134,5.36,401.428955078125,183.22628784179688,
1,car,135,5.4,528.3227233886719,206.24607849121094,76.9614938180929
25,car,135,5.4,581.9952087402344,244.6385498046875,77.42502360480205
32,car,135,5.4,355.1431579589844,232.0653533935547,70.42174431229326
36,car,135,5.4,401.3930969238281,183.53985595703125,
1,car,136,5.44,527.6011657714844,206.0172119140625,76.39373966676732
25,car,136,5.44,581.0460815429688,243.7173614501953,76.3420448961861
32,car,136,5.44,354.9157257080078,232.69821166992188,71.02062110439941
36,car,136,5.44,401.33441162109375,183.7841339111328,
1,car,137,5.48,526.6300048828125,205.38780212402344,75.40442283226426
25,car,137,5.48,580.2778015136719,242.75196838378906,76.49026905435163
32,car,137,5.48,354.41590881347656,233.05804443359375,71.02062110439941
36,car,137,5.48,401.3701477050781,183.77743530273438,
1,car,138,5.52,526.0504760742188,204.17372131347656,75.40442283226426
25,car,138,5.52,579.3185729980469,241.79075622558594,76.46098308506853
32,car,138,5.52,353.93804931640625,233.55734252929688,71.02062110439941
36,car,138,5.52,401.4312744140625,184.0154571533203,
1,car,139,5.56,525.4213256835938,203.40895080566406,75.40442283226426
25,car,139,5.56,577.9002685546875,241.1050262451172,76.38090590450004
32,car,139,5.56,353.36944580078125,234.4900360107422,71.17589409663962
36,car,139,5.56,401.48500061035156,184.24977111816406,
1,car,140,5.6,524.4242553710938,203.06622314453125,81.56325581405784
25,car,140,5.6,576.4874572753906,240.71717834472656,76.38090590450004
32,car,140,5.6,352.73451232910156,235.48727416992188,71.15482619925642
36,car,140,5.6,401.6140594482422,184.19544982910156,
1,car,141,5.64,523.9491577148438,202.86660766601562,81.56325581405784
25,car,141,5.64,575.3685913085938,240.30532836914062,76.38090590450004
32,car,141,5.64,352.0511932373047,236.59860229492188,71.15482619925642
36,car,141,5.64,401.53106689453125,184.29898071289062,
1,car,142,5.68,523.7245788574219,202.57476806640625,81.56325581405784
25,car,142,5.68,573.8286437988281,239.3477325439453,74.90251462617208
32,car,142,5.68,351.06060791015625,238.23098754882812,71.17589409663962
36,car,142,5.68,401.69325256347656,184.4924774169922,
1,car,143,5.72,523.466552734375,201.8896942138672,80.771480481538
25,car,143,5.72,573.0093383789062,238.32911682128906,74.90251462617208
32,car,143,5.72,350.8059387207031,239.3035430908203,73.08715862700834
36,car,143,5.72,401.65501403808594,184.69248962402344,
1,car,144,5.76,522.48681640625,201.7772216796875,78.88006166857487
25,car,144,5.76,571.9384460449219,237.0986785888672,74.90251462617208
32,car,144,5.76,350.68089294433594,239.92788696289062,73.08715862700834
36,car,144,5.76,401.4727325439453,184.71316528320312,
1,car,145,5.8,521.7998809814453,201.67001342773438,77.66140732220511
25,car,145,5.8,570.6996154785156,236.32028198242188,75.07113581961988
32,car,145,5.8,350.3766326904297,240.2901153564453,73.08715862700834
36,car,145,5.8,401.3869171142578,184.84353637695312,
1,car,146,5.84,521.2395477294922,200.87298583984375,77.66140732220511
25,car,146,5.84,569.6925659179688,235.4832305908203,77.24552141964554
32,car,146,5.84,350.2591857910156,240.55303955078125,72.22779835155575
36,car,146,5.84,401.4846954345703,185.49598693847656,
1,car,147,5.88,521.0554504394531,199.94166564941406,78.88006166857487
25,car,147,5.88,568.6644897460938,234.5787811279297,77.64396681640363
32,car,147,5.88,350.0821990966797,240.80764770507812,69.0463111331134
36,car,147,5.88,401.47438049316406,185.69284057617188,
1,car,148,5.92,520.6857299804688,199.6308135986328,
25,car,148,5.92,567.5752868652344,233.83497619628906,77.77061473623365
32,car,148,5.92,350.2089385986328,241.2947998046875,65.80059318207172
36,car,148,5.92,401.4918518066406,185.72108459472656,
1,car,149,5.96,520.3186187744141,199.4290313720703,
25,car,149,5.96,567.098388671875,233.2858123779297,78.60100641261242
32,car,149,5.96,349.73106384277344,242.08120727539062,62.846895495636765
36,car,149,5.96,401.48106384277344,185.82748413085938,
1,car,150,6.0,519.9842681884766,199.01686096191406,
25,car,150,6.0,566.2483520507812,232.60462951660156,78.60100641261242
32,car,150,6.0,349.47808837890625,243.77813720703125,62.846895495636765
36,car,150,6.0,401.637451171875,186.11819458007812,
1,car,151,6.04,519.6062927246094,198.88323974609375,
25,car,151,6.04,565.1335754394531,232.2017822265625,78.60100641261242
32,car,151,6.04,348.9909362792969,244.3801727294922,62.846895495636765
36,car,151,6.04,401.51893615722656,186.71971130371094,
1,car,152,6.08,519.2422790527344,198.471435546875,
25,car,152,6.08,564.1444091796875,231.7158660888672,78.563110848229
32,car,152,6.08,348.4787292480469,245.05479431152344,66.4135312587594
36,car,152,6.08,401.3508758544922,187.25323486328125,
1,car,153,6.12,518.8832397460938,198.1674041748047,
25,car,153,6.12,563.0966186523438,231.14620971679688,76.21373315666335
32,car,153,6.12,348.048828125,245.47372436523438,66.89008782762726
36,car,153,6.12,401.35400390625,187.6876220703125,
1,car,154,6.16,518.1787872314453,197.92669677734375,
25,car,154,6.16,562.3150939941406,230.513427734375,75.91277726597752
32,car,154,6.16,347.6609802246094,246.15248107910156,67.18145806834436
36,car,154,6.16,401.3493347167969,187.8780059814453,
1,car,155,6.2,517.4138031005859,197.5095977783203,
25,car,155,6.2,560.9690551757812,229.82704162597656,75.49919451978994
32,car,155,6.2,347.11790466308594,246.9529571533203,67.28855928959193
36,car,155,6.2,401.26747131347656,187.863525390625,
1,car,156,6.24,517.3552398681641,197.2390594482422,
25,car,156,6.24,559.5915222167969,229.26220703125,75.2134512547351
32,car,156,6.24,346.9430236816406,248.2484893798828,68.06640171834466
36,car,156,6.24,401.1847839355469,188.064208984375,
1,car,157,6.28,517.1296234130859,197.24978637695312,
25,car,157,6.28,558.8494567871094,228.91229248046875,74.7703701368204
32,car,157,6.28,345.8152160644531,249.24537658691406,69.62062427608917
36,car,157,6.28,401.27488708496094,188.08424377441406,
1,car,158,6.32,516.5698699951172,196.88148498535156,
25,car,158,6.32,558.3118286132812,228.03878784179688,72.73815761429339
32,car,158,6.32,345.52354431152344,250.2794189453125,70.88005989966858
36,car,158,6.32,401.3434295654297,188.44544982910156,
1,car,159,6.36,515.9677276611328,196.62762451171875,
25,car,159,6.36,557.5181274414062,227.1726531982422,72.73815761429339
32,car,159,6.36,344.6642761230469,251.3032989501953,73.24323048188081
36,car,159,6.36,401.10911560058594,189.12579345703125,
1,car,160,6.4,515.3956451416016,196.38970947265625,
25,car,160,6.4,556.3891296386719,226.3328857421875,72.73815761429339
32,car,160,6.4,344.0840759277344,252.22836303710938,73.24323048188081
36,car,160,6.4,401.0148162841797,189.51181030273438,
1,car,161,6.44,514.7827301025391,196.87510681152344,
25,car,161,6.44,555.8938903808594,225.45399475097656,73.24106026800789
32,car,161,6.44,343.6380157470703,252.9235076904297,73.24323048188081
36,car,161,6.44,400.8312683105469,189.75123596191406,
1,car,162,6.48,514.3104248046875,196.9296417236328,
25,car,162,6.48,555.2440185546875,224.45875549316406,76.36721540027521
32,car,162,6.48,343.18707275390625,253.59251403808594,72.60953137685301
36,car,162,6.48,400.94288635253906,189.8705291748047,
1,car,163,6.52,513.8848266601562,196.70045471191406,
25,car,163,6.52,554.4584045410156,224.2334442138672,76.4951312446057
32,car,163,6.52,342.49310302734375,255.55528259277344,72.60953137685301
36,car,163,6.52,400.94309997558594,189.80059814453125,
1,car,164,6.56,513.5829162597656,195.92254638671875,
25,car,164,6.56,553.4517211914062,223.6496124267578,76.92739476590569
32,car,164,6.56,341.70887756347656,256.9251708984375,72.60953137685301
36,car,164,6.56,400.9826354980469,190.04933166503906,
1,car,165,6.6,513.1065673828125,195.25360107421875,
25,car,165,6.6,552.5469055175781,222.92198181152344,77.44119859688134
32,car,165,6.6,340.6566619873047,257.3780822753906,73.58745906912208
36,car,165,6.6,401.0785369873047,190.1063690185547,
1,car,166,6.64,512.8399505615234,195.02096557617188,
25,car,166,6.64,551.8477172851562,222.3920135498047,78.95658690578598
32,car,166,6.64,340.12615966796875,258.19964599609375,73.58745906912208
36,car,166,6.64,401.0479431152344,190.2896270751953,
1,car,167,6.68,512.6282043457031,194.6007537841797,
25,car,167,6.68,550.88037109375,221.98995971679688,78.96903429749948
32,car,167,6.68,339.46498107910156,259.4410705566406,73.58745906912208
36,car,167,6.68,400.73716735839844,191.05264282226562,
1,car,168,6.72,512.2881469726562,194.3778533935547,
25,car,168,6.72,550.2183837890625,221.4915008544922,78.96903429749948
32,car,168,6.72,338.9163360595703,261.00146484375,71.4853154753315
36,car,168,6.72,400.4112548828125,191.75836181640625,
1,car,169,6.76,511.8008575439453,194.01486206054688,
25,car,169,6.76,549.1033935546875,221.24984741210938,78.96903429749948
32,car,169,6.76,337.9999542236328,262.7245788574219,71.00619843147841
36,car,169,6.76,400.2278137207031,192.42813110351562,
1,car,170,6.8,511.3345642089844,193.97396850585938,
25,car,170,6.8,548.3550415039062,221.1040496826172,77.62021759506963
32,car,170,6.8,337.31504821777344,263.7658996582031,71.00619843147841
36,car,170,6.8,399.33551025390625,193.18714904785156,
1,car,171,6.84,510.97401428222656,193.9923095703125,
25,car,171,6.84,547.6577758789062,220.27796936035156,73.91698320819808
32,car,171,6.84,336.63458251953125,264.6765441894531,71.00619843147841
36,car,171,6.84,399.01715087890625,193.46092224121094,
1,car,172,6.88,510.7263641357422,193.90650939941406,
25,car,172,6.88,546.8314819335938,219.885009765625,72.60537834019112
32,car,172,6.88,335.681884765625,265.2798767089844,72.3668571616876
36,car,172,6.88,398.6415252685547,193.57516479492188,
1,car,173,6.92,510.1142120361328,193.3810577392578,
25,car,173,6.92,545.9348449707031,218.9935302734375,72.60537834019112
32,car,173,6.92,335.14109802246094,266.1493225097656,73.73729260845363
36,car,173,6.92,398.38670349121094,193.7126922607422,
1,car,174,6.96,509.6670837402344,193.0298309326172,
25,car,174,6.96,545.3614501953125,218.58741760253906,72.60537834019112
32,car,174,6.96,334.8033447265625,267.8675537109375,74.34993029311956
36,car,174,6.96,398.2269592285156,194.1446533203125,
1,car,175,7.0,509.4774932861328,193.13003540039062,
25,car,175,7.0,544.9068298339844,218.2386474609375,72.60537834019112
32,car,175,7.0,334.1007995605469,268.8999328613281,74.34993029311956
36,car,175,7.0,398.1817932128906,194.51744079589844,
1,car,176,7.04,509.1526336669922,192.44595336914062,
25,car,176,7.04,544.1925048828125,217.7563934326172,72.76496636333545
32,car,176,7.04,333.4908905029297,269.7641906738281,74.34993029311956
36,car,176,7.04,397.76206970214844,194.88046264648438,
1,car,177,7.08,508.21006774902344,191.20974731445312,
25,car,177,7.08,543.4025573730469,217.54937744140625,72.76496636333545
32,car,177,7.08,332.2391815185547,270.931640625,73.11109677825615
36,car,177,7.08,397.3428192138672,195.0084686279297,
1,car,178,7.12,507.4996643066406,190.79019165039062,
25,car,178,7.12,542.6863098144531,217.3231658935547,71.88593805661071
32,car,178,7.12,331.05328369140625,272.3388671875,73.11109677825615
36,car,178,7.12,397.3683319091797,195.15745544433594,
1,car,179,7.16,507.4470672607422,190.13372802734375,
25,car,179,7.16,541.8961486816406,216.40440368652344,71.88593805661071
32,car,179,7.16,330.0830841064453,274.73431396484375,73.11109677825615
36,car,179,7.16,397.4723663330078,195.6270294189453,
1,car,180,7.2,506.7527160644531,190.09463500976562,
25,car,180,7.2,541.5453186035156,215.72914123535156,72.85115730790322
32,car,180,7.2,329.66014099121094,276.3583679199219,74.94530954442014
36,car,180,7.2,397.1254577636719,195.92739868164062,
1,car,181,7.24,506.30975341796875,190.4595489501953,
25,car,181,7.24,540.7980651855469,215.1597442626953,73.2610325388966
32,car,181,7.24,329.5889129638672,277.38134765625,76.9190172630369
36,car,181,7.24,396.8651580810547,195.92984008789062,
1,car,182,7.28,506.0660705566406,190.6697235107422,
25,car,182,7.28,540.2267456054688,214.68948364257812,74.26516428116491
32,car,182,7.28,329.0369567871094,278.61187744140625,76.9190172630369
36,car,182,7.28,396.9694519042969,196.1697540283203,
1,car,183,7.32,505.57176208496094,189.8502197265625,
25,car,183,7.32,539.5407104492188,214.3588409423828,74.3386289670839
32,car,183,7.32,327.8150939941406,280.3646240234375,76.9190172630369
36,car,183,7.32,396.73683166503906,196.4076690673828,
1,car,184,7.36,505.1053771972656,189.25323486328125,
25,car,184,7.36,538.4181518554688,214.3025360107422,74.3386289670839
32,car,184,7.36,327.1137390136719,281.6266784667969,76.71438686169401
36,car,184,7.36,396.5631866455078,196.7596893310547,
1,car,185,7.4,504.81907653808594,189.09228515625,
25,car,185,7.4,537.5956420898438,212.68020629882812,75.1690664531475
32,car,185,7.4,325.87913513183594,282.995849609375,76.30639523257027
36,car,185,7.4,396.390380859375,196.9895477294922,
47,car,185,7.4,368.63470458984375,194.31491088867188,
1,car,186,7.44,504.7673797607422,189.0371856689453,
25,car,186,7.44,536.9705505371094,212.1572265625,75.78584959076423
32,car,186,7.44,325.46240234375,284.2812194824219,76.30639523257027
36,car,186,7.44,395.5347595214844,197.38111877441406,
47,car,186,7.44,368.3155975341797,194.30384826660156,
1,car,187,7.48,504.68109130859375,188.7501220703125,
25,car,187,7.48,535.9743957519531,211.82078552246094,74.3386289670839
32,car,187,7.48,324.94273376464844,285.7383117675781,76.46712564942959
36,car,187,7.48,395.33790588378906,197.54420471191406,
47,car,187,7.48,368.27223205566406,194.4507598876953,
1,car,188,7.52,504.6334228515625,188.46664428710938,
25,car,188,7.52,535.5375061035156,211.0089874267578,75.78584959076423
32,car,188,7.52,323.77891540527344,287.101318359375,76.10081164995779
36,car,188,7.52,395.1180114746094,197.52320861816406,
47,car,188,7.52,368.2532196044922,194.65843200683594,
1,car,189,7.56,504.73016357421875,188.3308868408203,
25,car,189,7.56,534.879150390625,210.66632080078125,76.53618136841598
32,car,189,7.56,322.6551208496094,288.3361511230469,76.03230228055729
36,car,189,7.56,394.6658630371094,197.5390167236328,
47,car,189,7.56,368.19305419921875,194.93519592285156,
1,car,190,7.6,504.8927459716797,187.83921813964844,
25,car,190,7.6,534.2159423828125,210.236572265625,75.78584959076423
32,car,190,7.6,321.7913055419922,289.67889404296875,74.15823509018773
36,car,190,7.6,394.18072509765625,197.9950408935547,
47,truck,190,7.6,368.03343200683594,195.1194305419922,
1,car,191,7.64,504.5764617919922,187.42832946777344,
25,car,191,7.64,533.6670837402344,209.6261749267578,76.53618136841598
32,car,191,7.64,320.8673858642578,291.8036804199219,74.15823509018773
36,car,191,7.64,393.76129150390625,198.4337615966797,
47,truck,191,7.64,367.7866668701172,195.2420654296875,
1,car,192,7.68,503.1665344238281,187.71035766601562,
25,car,192,7.68,532.915771484375,209.34310913085938,76.91172838251902
32,car,192,7.68,320.1199188232422,293.0266418457031,74.07347177051976
36,car,192,7.68,393.2210693359375,198.6269073486328,
47,truck,192,7.68,367.671630859375,195.08567810058594,
1,car,193,7.72,503.3618927001953,186.77291870117188,
25,car,193,7.72,532.6342163085938,209.14944458007812,76.53618136841598
32,car,193,7.72,319.45001220703125,295.005615234375,73.75629111801419
36,car,193,7.72,392.78515625,198.83560180664062,
47,truck,193,7.72,367.4880065917969,195.1227569580078,
1,car,194,7.76,503.589111328125,186.0321502685547,
25,car,194,7.76,532.1094665527344,208.6209716796875,76.91172838251902
32,car,194,7.76,318.79298400878906,297.1319580078125,73.75629111801419
36,car,194,7.76,392.48980712890625,199.1170654296875,
47,truck,194,7.76,367.16192626953125,195.269287109375,
1,car,195,7.8,502.1640625,186.00856018066406,
25,car,195,7.8,531.53125,208.45375061035156,77.08863041193035
32,car,195,7.8,317.7575988769531,298.9665832519531,73.32136436910064
36,car,195,7.8,392.2773742675781,198.93789672851562,
47,truck,195,7.8,367.0113525390625,195.51736450195312,
1,car,196,7.84,501.2564239501953,185.60052490234375,
25,car,196,7.84,530.8930969238281,208.302978515625,76.91172838251902
32,car,196,7.84,316.3598175048828,300.4906311035156,72.94599239219455
36,car,196,7.84,391.93016052246094,199.38204956054688,
47,truck,196,7.84,367.14183044433594,196.28561401367188,
1,car,197,7.88,500.54286193847656,184.6981964111328,
25,car,197,7.88,530.440673828125,208.20040893554688,75.58989717879551
32,car,197,7.88,315.3090362548828,301.8067626953125,72.94599239219455
36,car,197,7.88,391.6067352294922,199.85194396972656,
47,truck,197,7.88,367.2042999267578,197.05360412597656,
1,car,198,7.92,500.2129364013672,184.1728515625,
25,car,198,7.92,530.2490539550781,207.70159912109375,74.9610565011012
32,car,198,7.92,314.555419921875,304.19195556640625,72.94599239219455
36,car,198,7.92,391.2886505126953,199.94287109375,
1,car,199,7.96,499.6464538574219,183.7565460205078,
25,car,199,7.96,530.0814514160156,207.31129455566406,73.50801749014724
32,car,199,7.96,313.8239288330078,305.56036376953125,73.03849829663991
36,car,199,7.96,390.7156066894531,200.64573669433594,
